question,label
What is the capital of France?,What
What is the chemical symbol for gold?,What
What do pandas eat?,What
What is the tallest mountain in the world?,What
What color is the sky on a clear day?,What
What is the main ingredient in guacamole?,What
What happens if you mix baking soda and vinegar?,What
What is the speed of light?,What
What are the primary colors?,What
What is the largest ocean on Earth?,What
What kind of instrument is a piano?,What
What is the boiling point of water?,What
What is the square root of 144?,What
What is the freezing point of water in Fahrenheit?,What
What is the name of our galaxy?,What
What does DNA stand for?,What
What is the most spoken language in the world?,What
What is the currency used in Japan?,What
What is the opposite of matter?,What
What is the meaning of life?,What
What is a prime number?,What
What is the distance from the Earth to the Moon?,What
What do you call a baby kangaroo?,What
What is the hardest natural substance on Earth?,What
What is the process of water turning into vapor?,What
What is the smallest planet in our solar system?,What
What is the function of the heart?,What
What is the difference between a virus and a bacteria?,What
What is the plot of The Great Gatsby?,What
What is the theory of relativity?,What
What type of animal is a dolphin?,What
What is the national bird of the United States?,What
What is a black hole?,What
What are the symptoms of the flu?,What
What is the best way to learn a new language?,What
What is the GDP of Germany?,What
What is the legal voting age in Canada?,What
What is the formula for calculating area?,What
What is the atomic number of oxygen?,What
What is the capital of Australia?,What
What is the rarest blood type?,What
What is the purpose of a catalytic converter?,What
What is the difference between weather and climate?,What
What is the plural of index?,What
What is a constellation?,What
What is the largest desert in the world?,What
What is the highest grossing film of all time?,What
What is the origin of the Olympic games?,What
What is the best-selling book in history?,What
What is the core temperature of the sun?,What
Who invented the telephone?,Who
Who wrote the play Hamlet?,Who
Who was the first person to walk on the moon?,Who
Who painted the Mona Lisa?,Who
Who is the current Prime Minister of the UK?,Who
Who discovered penicillin?,Who
Who played Neo in The Matrix?,Who
Who was the 16th President of the United States?,Who
Who holds the world record for the 100m sprint?,Who
Who is the CEO of Tesla?,Who
Who directed the movie Inception?,Who
Who won the World Cup in 2018?,Who
Who sang the hit song Thriller?,Who
Who was the lead vocalist of Queen?,Who
Who founded Microsoft?,Who
Who is the author of the Harry Potter series?,Who
Who was known as the Maid of Orleans?,Who
Who developed the theory of evolution?,Who
Who is the Greek god of the sea?,Who
Who composed the Four Seasons?,Who
Who was the first female pilot to fly solo across the Atlantic?,Who
Who is the richest person in the world?,Who
Who gave the I Have a Dream speech?,Who
Who discovered electricity?,Who
Who is the main character in The Catcher in the Rye?,Who
Who won the Nobel Peace Prize in 2014?,Who
Who painted the Sistine Chapel ceiling?,Who
Who is the villain in Star Wars?,Who
Who created the animated series The Simpsons?,Who
Who was the last Tsar of Russia?,Who
Who is the current Pope?,Who
Who designed the Eiffel Tower?,Who
Who was the first woman to win a Nobel Prize?,Who
Who leads the executive branch of the US government?,Who
Who wrote Pride and Prejudice?,Who
Who is the protagonist in the Legend of Zelda games?,Who
Who won the Super Bowl last year?,Who
Who is the mascot for Sega?,Who
Which actor played Iron Man?,Who
Name the person who invented the lightbulb.,Who
Which scientist proposed the laws of motion?,Who
Whose signature is the largest on the Declaration of Independence?,Who
Name the individual who founded Apple.,Who
Which artist cut off his own ear?,Who
Which historical figure crossed the Delaware River?,Who
Which author wrote 1984?,Who
Which athlete has the most Olympic medals?,Who
Whose face is on the hundred dollar bill?,Who
Name the explorer who first circumnavigated the globe.,Who
Which director is known for his suspense films like Psycho?,Who
When did World War II end?,When
When was the Declaration of Independence signed?,When
When is Halloween celebrated?,When
When did the Titanic sink?,When
When was the first iPhone released?,When
When does spring officially begin?,When
When did the Berlin Wall fall?,When
When was the Magna Carta signed?,When
When is the next leap year?,When
When did man first land on the moon?,When
When was the printing press invented?,When
When does the stock market open?,When
When was Google founded?,When
When did the Cold War end?,When
When is Thanksgiving in the United States?,When
When was the Eiffel Tower built?,When
When did the American Civil War begin?,When
When is your birthday?,When
When was the first Harry Potter book published?,When
When did Nelson Mandela get released from prison?,When
When is the best time to plant tomatoes?,When
When did the Roman Empire collapse?,When
When was electricity discovered?,When
When does daylight saving time end?,When
When was the United Nations established?,When
When did the French Revolution start?,When
When is the summer solstice?,When
When was the first modern Olympic Games held?,When
When did the dinosaurs go extinct?,When
When was the Mona Lisa painted?,When
When does the new fiscal year start?,When
When did the Industrial Revolution begin?,When
When was the first email sent?,When
When did Mount Vesuvius erupt and destroy Pompeii?,When
What year did the Apollo 11 mission take place?,When
What time does the train arrive?,When
What day of the week is Christmas this year?,When
In what century did the Renaissance begin?,When
At what hour is the meeting scheduled?,When
How long ago did the ice age end?,When
What year was the Constitution ratified?,When
What is the exact date of the lunar eclipse?,When
What time is the sunset today?,When
In which decade did disco music become popular?,When
What year did the internet become public?,When
At what time of day are shadows the shortest?,When
What day is the election being held?,When
In what year was the first successful airplane flight?,When
What time do the doors open for the concert?,When
What was the year the Beatles broke up?,When
Where is the Eiffel Tower located?,Where
Where is the Great Wall of China?,Where
Where do polar bears live?,Where
Where is the capital of Japan?,Where
Where was William Shakespeare born?,Where
Where is the Mariana Trench?,Where
Where does the President of the United States live?,Where
Where is the Louvre museum?,Where
Where did the Olympic games originate?,Where
Where is the Sahara Desert?,Where
Where is Mount Everest?,Where
Where is the Golden Gate Bridge?,Where
Where do kangaroos come from?,Where
Where was the first atomic bomb dropped?,Where
Where is the headquarters of the United Nations?,Where
Where is the Amazon Rainforest located?,Where
Where is the smallest country in the world?,Where
Where did the Titanic sink?,Where
Where is the Bermuda Triangle?,Where
Where is the Colosseum?,Where
Where does the Pope live?,Where
Where is the Great Barrier Reef?,Where
Where was chocolate first invented?,Where
Where is the Taj Mahal?,Where
Where is the biggest volcano on Earth?,Where
Where do giant pandas live in the wild?,Where
Where is the headquarters of Apple Inc.?,Where
Where was the Declaration of Independence signed?,Where
Where is the deepest part of the ocean?,Where
Where is the Statue of Liberty?,Where
Where did the Renaissance begin?,Where
Where is the driest place on Earth?,Where
Where is the Galapagos Islands?,Where
Where was the first printed book made?,Where
What city is the capital of Italy?,Where
In what country can you find the ancient city of Petra?,Where
What continent is Egypt located on?,Where
Which state is the Grand Canyon in?,Where
What is the address of the White House?,Where
From what region does champagne originate?,Where
In which city is the Kremlin located?,Where
What country has the highest population?,Where
Which planet is closest to the sun?,Where
What ocean lies on the east coast of the United States?,Where
In what hemisphere is Australia located?,Where
What city is known as the Big Apple?,Where
Which nation hosts the city of Dubai?,Where
What is the geographic location of the North Pole?,Where
In which European country is Barcelona?,Where
What town did the Wright brothers take their first flight in?,Where
Why do we dream?,Why
Why is the sky blue?,Why
Why do leaves change color in the fall?,Why
Why do cats purr?,Why
Why is the ocean salty?,Why
Why do we need sleep?,Why
Why do birds migrate?,Why
Why did the Titanic sink?,Why
Why is ice slippery?,Why
Why do onions make you cry?,Why
Why is Pluto no longer considered a planet?,Why
Why do humans yawn?,Why
Why do earthquakes happen?,Why
Why is the Mona Lisa so famous?,Why
Why do we have leap years?,Why
Why do fireflies glow?,Why
Why did the dinosaurs go extinct?,Why
Why do stars twinkle?,Why
Why is water wet?,Why
Why do dogs wag their tails?,Why
Why is the grass green?,Why
Why do we get goosebumps?,Why
Why did the Roman Empire fall?,Why
Why is the Great Wall of China so long?,Why
Why do people sneeze?,Why
Why do zebras have stripes?,Why
Why is the Leaning Tower of Pisa tilted?,Why
Why do we cry when we are sad?,Why
Why do airplanes fly?,Why
Why did World War I start?,Why
Why do magnets attract iron?,Why
Why is physical exercise important?,Why
Why do we have seasons?,Why
Why do bats hang upside down?,Why
What is the reason for the seasons?,Why
For what purpose was the Great Pyramid built?,Why
What caused the American Revolution?,Why
How come the moon changes shape?,Why
What is the explanation for gravity?,Why
What was the motive behind the assassination of Archduke Franz Ferdinand?,Why
For what reason do we pay taxes?,Why
What caused the Great Depression?,Why
What is the biological purpose of fever?,Why
How come we cannot drink saltwater?,Why
What is the reason behind global warming?,Why
What drove the Vikings to explore new lands?,Why
For what reason did the chicken cross the road?,Why
What causes a rainbow to form?,Why
What is the primary cause of inflation?,Why
What led to the invention of the internet?,Why
How does photosynthesis work?,How
How do airplanes fly?,How
How do you bake a cake?,How
How does a car engine work?,How
How do bees make honey?,How
How do you solve a Rubik's cube?,How
How does the internet work?,How
How do you tie a tie?,How
How does a microwave heat food?,How
How do fish breathe underwater?,How
How do you play chess?,How
How does a camera take pictures?,How
How do you change a flat tire?,How
How does gravity work?,How
How do vaccines protect against disease?,How
How do you write a resume?,How
How does a refrigerator keep things cold?,How
How do you say hello in Spanish?,How
How does the stock market function?,How
How do you lose weight?,How
How does a computer processor work?,How
How do you learn to play the guitar?,How
How does soap clean dirt?,How
How do you start a business?,How
How does a compass point north?,How
How do you train a dog to sit?,How
How does the human digestive system work?,How
How do you invest in cryptocurrency?,How
How does a battery store energy?,How
How do you cook the perfect steak?,How
How does a submarine dive and surface?,How
How do you fold an origami crane?,How
How does sound travel through the air?,How
How do you jump-start a car?,How
How much does a commercial airplane weigh?,How
By what method do scientists date fossils?,How
In what way does the heart pump blood?,How
What are the steps to changing your oil?,How
What is the process for applying for a passport?,How
By what means did ancient Egyptians build the pyramids?,How
In what manner should you address a judge?,How
What is the recipe for chocolate chip cookies?,How
What is the procedure to reboot the server?,How
By what mechanism do antibiotics kill bacteria?,How
What are the instructions for assembling this desk?,How
In what way do solar panels generate electricity?,How
What is the technique for throwing a curveball?,How
What is the mathematical formula to find the volume of a sphere?,How
By what route did Marco Polo travel to China?,How
What is the secret to a happy marriage?,How
What exactly is the fundamental difference between machine learning and deep learning?,What
"Under the new company policy, what constitutes a fireable offense?",What
"What, in your honest opinion, is the single greatest threat to global cybersecurity?",What
"Assuming the budget is approved, what is the first phase of the construction project?",What
What kind of return on investment are we looking at for the third quarter?,What
"In the context of quantum mechanics, what does the uncertainty principle dictate?",What
What were the underlying political factors that led to the French Revolution?,What
What specific type of mutual fund is best for a risk-averse retiree?,What
What happens to a star's core immediately after it goes supernova?,What
"To the best of your knowledge, what is the current status of the pending lawsuit?",What
What is the name of the physiological process where plants lose water through their leaves?,What
"Given the current economic climate, what are the safest assets to hold?",What
What exactly did the CEO mean during the all-hands meeting when she mentioned restructuring?,What
What is the recommended daily intake of Vitamin D for adults over fifty?,What
What are the primary structural differences between a eukaryotic and a prokaryotic cell?,What
What is the airspeed velocity of an unladen swallow?,What
"What, if any, are the long-term side effects of this experimental medication?",What
What specific error code is returned when the database connection times out?,What
What is the historical significance of the Rosetta Stone in understanding ancient Egypt?,What
What sort of documentation is required to renew an expired passport?,What
What are the mathematical odds of winning the Powerball lottery?,What
What is the primary function of the amygdala in the human brain?,What
What role does the Federal Reserve play in controlling inflation?,What
What are the standard dimensions of an Olympic-sized swimming pool?,What
What happens if you input a string into an integer field in this application?,What
What is the general consensus among climate scientists regarding rising sea levels?,What
What makes a diamond so much harder than graphite when both are made of carbon?,What
What was the exact turning point in the Battle of Gettysburg?,What
What are the ethical implications of using artificial intelligence in criminal sentencing?,What
What specific metrics does the marketing team use to track campaign success?,What
What is the chemical reaction responsible for the browning of a cut apple?,What
What is the minimum credit score required to secure a conventional mortgage?,What
What are the main arguments against the implementation of universal basic income?,What
What exactly is the difference between a Roth IRA and a Traditional IRA?,What
What was the most significant technological advancement of the 20th century?,What
What kind of habitat does the critically endangered Amur leopard require?,What
What is the standard protocol for handling a hazardous material spill in the lab?,What
What are the key ingredients necessary for a successful startup?,What
What is the psychological phenomenon where people conform to the actions of others?,What
What specific legislation regulates the disposal of electronic waste?,What
What is the underlying cause of the current supply chain disruptions?,What
What are the primary responsibilities of a full-stack software engineer?,What
What makes the James Webb Space Telescope superior to the Hubble?,What
What is the exact mechanism by which aspirin relieves a headache?,What
What were the major cultural impacts of the Renaissance period?,What
What is the proper attire for a black-tie optional corporate event?,What
What are the fundamental principles of object-oriented programming?,What
What is the expected lifespan of a commercial solar panel?,What
What does the acronym NATO stand for in international relations?,What
What is the process for appealing a property tax assessment?,What
What are the primary exports of the South American continent?,What
What is the significance of the Fibonacci sequence in nature?,What
What kind of maintenance is required for a tankless water heater?,What
What are the most common symptoms of a vitamin B12 deficiency?,What
What is the difference between civil law and criminal law?,What
What exactly is blockchain technology and how does it relate to cryptocurrency?,What
What are the prevailing theories regarding the construction of Stonehenge?,What
What is the threshold for a tropical storm to be classified as a Category 1 hurricane?,What
What are the main components of a standard internal combustion engine?,What
What is the origin story of the Marvel character Spider-Man?,What
What are the legal requirements for starting an LLC in the state of Delaware?,What
What is the most effective treatment plan for chronic lower back pain?,What
What are the historical roots of the conflict in the Middle East?,What
What is the difference between a centralized and decentralized network architecture?,What
What kind of telescope is best for an amateur astronomer living in a city?,What
What are the defining characteristics of a sociopathic personality disorder?,What
What is the maximum allowable payload for a Boeing 747 cargo plane?,What
What are the key differences between agile and waterfall project management methodologies?,What
What is the process of natural selection as described by Charles Darwin?,What
What are the symptoms of a failing transmission in an automatic vehicle?,What
What is the primary goal of the United Nations Framework Convention on Climate Change?,What
What are the distinct stages of grief according to the Kübler-Ross model?,What
What is the chemical composition of the atmosphere on the planet Mars?,What
What are the prerequisites for applying to a top-tier medical school?,What
What is the most energy-efficient way to heat a residential home?,What
What are the long-term consequences of chronic sleep deprivation?,What
"What is the difference between a hurricane, a typhoon, and a cyclone?",What
What exactly is a black swan event in the context of financial markets?,What
What are the primary colors of light in the additive color model?,What
What is the recommended procedure for onboarding a new remote employee?,What
What are the fundamental rights guaranteed by the First Amendment?,What
What is the process for obtaining a patent for a new invention?,What
What are the primary causes of deforestation in the Amazon basin?,What
What is the difference between a stock's market value and its intrinsic value?,What
What are the key themes explored in George Orwell's novel 1984?,What
What is the function of the mitochondria within a biological cell?,What
What are the criteria for a planet to be considered in the habitable zone?,What
What is the most common cause of data breaches in corporate networks?,What
What are the physiological effects of adrenaline on the human body?,What
"What is the difference between a virus, a Trojan, and a worm in computer security?",What
What are the major milestones in the development of the English language?,What
What is the standard operating procedure for a code blue in a hospital?,What
What are the essential elements of a legally binding contract?,What
What is the process of nuclear fusion that powers the sun?,What
What are the most popular tourist destinations in Southeast Asia?,What
What is the difference between an outright purchase and a lease agreement?,What
What are the primary sources of renewable energy currently in use?,What
What is the significance of the Magna Carta in the development of constitutional law?,What
What are the main challenges associated with manned missions to Mars?,What
What is the most effective strategy for mitigating implicit bias in the workplace?,What
"Regarding the recent data breach, who exactly is legally liable for the exposed customer information?",Who
To whom should I address this formal letter of complaint regarding my utility bill?,Who
Who was the primary architect responsible for the design of the Guggenheim Museum?,Who
"Of all the candidates we interviewed yesterday, who possesses the strongest technical background?",Who
"Who, in the grand scheme of things, actually benefits from this new tax loophole?",Who
Who was the dissenting Supreme Court justice in that landmark 1973 ruling?,Who
For whom did Beethoven compose his famous Moonlight Sonata?,Who
Who is currently leading the pack in the polls for the upcoming mayoral election?,Who
Who is the designated point of contact for emergency IT support on weekends?,Who
Who exactly gave the authorization to bypass the standard security protocols?,Who
"According to historical records, who was the true inventor of the radio?",Who
Who is the mysterious author writing under the pseudonym Robert Galbraith?,Who
"Among the founding fathers, who was the most vocal opponent of a strong central government?",Who
Who handles the payroll disputes in the human resources department?,Who
Who was the first civilian to ever travel into outer space?,Who
Who is the intended audience for this highly technical white paper?,Who
Who ultimately holds the copyright to a song generated by artificial intelligence?,Who
Who was the commanding general of the Allied forces during the D-Day invasion?,Who
Who is the current reigning champion of the heavyweight boxing division?,Who
Who played the pivotal role of the whistleblower in the Enron scandal?,Who
Who is responsible for maintaining the landscaping in this residential community?,Who
Who was the female scientist whose X-ray diffraction images led to the discovery of the DNA double helix?,Who
Who stands to inherit the estate if no formal will was ever drafted?,Who
Who is the lead singer of the alternative rock band that performed at the halftime show?,Who
Who has the administrative privileges required to reset the server passwords?,Who
Who was the longest-serving monarch in British history?,Who
Who is the primary antagonist in the Lord of the Rings trilogy?,Who
Who actually reads all those lengthy terms and conditions before clicking agree?,Who
Who was the first African American player in Major League Baseball?,Who
Who is the most cited researcher in the field of quantum computing?,Who
Who do I need to speak with to upgrade my current subscription plan?,Who
"Who was the influential philosopher who coined the phrase 'I think, therefore I am'?",Who
Who is the target demographic for this new line of luxury electric vehicles?,Who
Who holds the world record for the highest altitude freefall jump?,Who
Who was the visionary director behind the visually stunning film Blade Runner?,Who
Who is the chief medical officer at the regional hospital?,Who
Who originally formulated the three laws of thermodynamics?,Who
Who was the brilliant mathematician portrayed in the movie A Beautiful Mind?,Who
Who has the final say on the approval of the annual corporate budget?,Who
Who is the most decorated Olympian of all time?,Who
Who was the notorious pirate known as Blackbeard?,Who
Who is the independent auditor reviewing the company's financial statements?,Who
Who wrote the iconic American novel To Kill a Mockingbird?,Who
Who is the current Secretary General of the United Nations?,Who
Who was the first woman to be appointed to the United States Supreme Court?,Who
Who handles the logistics and supply chain management for this division?,Who
Who was the fierce warrior queen who led a rebellion against the Roman Empire?,Who
Who is the visionary entrepreneur behind the SpaceX program?,Who
Who is the main suspect in the ongoing investigation of the art heist?,Who
Who originally composed the musical score for the Star Wars franchise?,Who
Who was the controversial figure at the center of the Watergate scandal?,Who
Who is the highest-paid actor in Hollywood this year?,Who
Who has the authority to declare a state of emergency in this county?,Who
Who was the famous post-impressionist painter known for Starry Night?,Who
Who is the defending champion of the Wimbledon men's singles tournament?,Who
Who do you consider to be the greatest jazz musician of the 20th century?,Who
Who was the influential civil rights leader assassinated in Memphis in 1968?,Who
Who is the project manager overseeing the implementation of the new software?,Who
Who holds the patent for the original design of the modern safety pin?,Who
Who was the eccentric genius who famously lived in the Waldorf Astoria?,Who
Who is the head coach of the national women's soccer team?,Who
Who originally sang the hit song 'Respect' before Aretha Franklin made it famous?,Who
Who was the first Roman Emperor to convert to Christianity?,Who
Who is the primary beneficiary named on this life insurance policy?,Who
Who wrote the classic dystopian novel Brave New World?,Who
Who is the current host of the long-running television game show Jeopardy?,Who
Who was the legendary king of the Franks who united much of Western Europe?,Who
Who handles the press relations and public statements for the governor?,Who
Who was the influential nurse who founded modern nursing during the Crimean War?,Who
Who is the lead developer responsible for the backend architecture of the app?,Who
Who originally discovered the continent of Antarctica?,Who
Who was the prominent abolitionist who escaped slavery and became a renowned orator?,Who
Who is the majority shareholder of this publicly traded corporation?,Who
Who wrote the famous series of fantasy novels featuring the land of Narnia?,Who
Who is the current Chief Justice of the Supreme Court?,Who
Who was the revolutionary leader who overthrew the Cuban government in 1959?,Who
Who handles the day-to-day operations of the retail storefront?,Who
Who was the pioneering computer scientist who developed the first compiler?,Who
Who is the most followed individual on the social media platform Instagram?,Who
Who originally proposed the heliocentric model of the solar system?,Who
Who was the iconic martial artist who starred in Enter the Dragon?,Who
Who is the designated safety officer for this construction site?,Who
Who wrote the influential economic treatise The Wealth of Nations?,Who
Who is the current poet laureate of the United States?,Who
Who was the famed aviator who disappeared over the Pacific Ocean in 1937?,Who
Who handles the international shipping and customs documentation?,Who
Who was the legendary Greek hero known for his strength and the twelve labors?,Who
Who is the primary investor funding this new biotechnology startup?,Who
Who wrote the beloved children's book Charlotte's Web?,Who
Who is the current chancellor of Germany?,Who
Who was the notorious gangster who ruled the Chicago underworld during Prohibition?,Who
Who handles the intake and triage at the emergency veterinary clinic?,Who
Who was the influential psychologist who developed the theory of operant conditioning?,Who
Who is the lead singer of the legendary rock band The Rolling Stones?,Who
Who originally discovered the tomb of the Egyptian pharaoh Tutankhamun?,Who
Who was the pioneering aviator who became the first woman to break the sound barrier?,Who
Who is the legal guardian of the minor child in question?,Who
Who wrote the epic poem The Divine Comedy?,Who
Who is the current CEO of the multinational conglomerate Amazon?,Who
Who was the famous American frontiersman who died at the Battle of the Alamo?,Who
At what precise time does the network maintenance window begin tonight?,When
By what date must the quarterly tax estimates be postmarked to avoid penalties?,When
"Under what circumstances, or exactly when, is it acceptable to override the fail-safe mechanism?",When
When exactly did the shift from agricultural societies to industrial ones occur in Europe?,When
"Assuming there are no further delays, when will the final beta build be pushed to production?",When
When is the absolute latest I can check out of the hotel without incurring an extra fee?,When
In what year did the dot-com bubble officially burst?,When
"When dealing with a compound fracture, at what point should a tourniquet be applied?",When
When was the exact moment you realized the data had been compromised?,When
During which geological epoch did the dinosaurs first appear?,When
When is the most optimal time of year to prune a Japanese maple tree?,When
By what time do I need to arrive at the airport for an international flight?,When
When did the tradition of giving diamond engagement rings actually begin?,When
At what specific temperature does the structural integrity of this steel begin to fail?,When
When does the statute of limitations expire on a breach of contract claim?,When
In what century was the printing press introduced to Europe?,When
When is the vernal equinox this year?,When
When exactly did the term 'artificial intelligence' first enter the academic lexicon?,When
By what deadline must the grant proposal be submitted to the committee?,When
When does the transition from daylight saving time to standard time occur?,When
In what specific year was the Berlin Wall finally dismantled?,When
When is the best time to execute a large stock trade to minimize market impact?,When
When did the concept of a five-day workweek become the standard in the United States?,When
At what exact altitude does the atmosphere transition into outer space?,When
When was the first successful cloning of a mammal achieved?,When
When does the probationary period for new employees typically end?,When
In which decade did color television become widely available to the public?,When
When is it legally permissible to use deadly force in self-defense?,When
When exactly did the Roman Empire split into the Eastern and Western empires?,When
By what date are W-2 forms required to be mailed to employees?,When
When does the human brain fully finish developing the prefrontal cortex?,When
In what year did the United States officially land the Mars rover Curiosity?,When
When is the peak season for booking flights to the Caribbean?,When
When did the devastating Spanish Flu pandemic finally subside?,When
At what age is a person eligible to begin withdrawing from a 401(k) without penalty?,When
When was the original formulation of Coca-Cola first introduced to the market?,When
When does the moon's gravitational pull have the strongest effect on the tides?,When
In what year was the first text message successfully transmitted?,When
When is the deadline to register to vote in the upcoming midterm elections?,When
When exactly did the Titanic strike the iceberg?,When
By what time must the daily settlement reports be reconciled by the accounting department?,When
When did the Renaissance period officially transition into the Baroque period?,When
When is it considered scientifically safe to look directly at a solar eclipse?,When
In what year was the landmark civil rights legislation passed in the United States?,When
When does the warranty on this electronic device officially expire?,When
When was the very first episode of the television show Doctor Who broadcast?,When
At what specific point in the roasting process do coffee beans crack for the first time?,When
When did the use of the Julian calendar officially end in favor of the Gregorian calendar?,When
When is the earliest recorded use of cryptography in history?,When
In what year did the Chernobyl nuclear disaster occur?,When
When does a juvenile record typically get expunged in this jurisdiction?,When
When was the first commercially successful video game released?,When
When exactly do the cicadas emerge after their 17-year underground cycle?,When
By what date must the landlord provide notice before entering the rental property?,When
When did the practice of embalming originate in ancient Egypt?,When
At what age do most children begin to develop object permanence?,When
When was the first successful human heart transplant performed?,When
When does the active hurricane season officially begin in the Atlantic basin?,When
In what year did the Prohibition era begin in the United States?,When
When is the most strategic time to launch a new consumer product?,When
When did the Great Depression officially reach its lowest economic point?,When
When is the customary time to send out wedding invitations?,When
When exactly was the North American Free Trade Agreement signed?,When
At what precise moment does a caterpillar begin its metamorphosis into a butterfly?,When
"When was the first artificial satellite, Sputnik, launched into orbit?",When
When does the new fiscal year begin for the federal government?,When
In what year did the widespread adoption of the internet begin?,When
When is the appropriate time to follow up after a final round job interview?,When
When did the devastating earthquake strike San Francisco in the early 20th century?,When
When exactly was the first modern draft of the periodic table published?,When
By what date do international students need to secure their visas?,When
When did the use of penicillin become widespread in medical practice?,When
At what point during the flight does the aircraft begin its initial descent?,When
When was the first successful summit of Mount Everest achieved?,When
When does the copyright on a published book typically enter the public domain?,When
In what year was the first atomic bomb tested in the New Mexico desert?,When
When is the best time of day to water a vegetable garden to prevent mildew?,When
When did the apartheid system officially come to an end in South Africa?,When
When exactly did the stock market crash on Black Tuesday?,When
By what deadline must a defendant file a response to a civil lawsuit?,When
When did the modern environmental movement gain mainstream traction?,When
At what specific stage of sleep does rapid eye movement (REM) occur?,When
When was the first widespread use of the telegraph for communication?,When
When does the monsoon season typically arrive in the Indian subcontinent?,When
In what year was the European Union formally established?,When
When is the recommended timeframe for replacing running shoes?,When
"When did the devastating bubonic plague, or Black Death, peak in Europe?",When
When exactly was the first working laser demonstrated?,When
By what date must a company hold its annual general meeting?,When
When did the construction of the Panama Canal finally conclude?,When
At what point in the brewing process is the yeast added to the wort?,When
When was the first successful flight of the Concorde supersonic jet?,When
When does a patent typically expire after being granted by the USPTO?,When
In what year did the Rwandan genocide take place?,When
When is the most effective time to apply a pre-emergent herbicide to a lawn?,When
When did the widespread use of the barcode begin in retail?,When
When exactly did the Apollo 13 mission experience its critical oxygen tank failure?,When
By what deadline must the environmental impact study be finalized?,When
When did the construction of the transcontinental railroad finish?,When
At what specific temperature does the chemical reaction become exothermic?,When
In what specific geographic region did the ancient Sumerian civilization flourish?,Where
Exactly where on the motherboard do I connect the front panel audio cables?,Where
"Where, given the current zoning laws, is it legal to construct a multi-family dwelling?",Where
Where did you ultimately end up finding those missing financial ledger documents?,Where
In which obscure corner of the internet did you manage to track down that vintage software?,Where
Where is the precise epicenter of the earthquake that struck the coast last night?,Where
Where do the majority of the world's deep-sea hydrothermal vents exist?,Where
Where are we currently standing in terms of the project's overall completion timeline?,Where
Where exactly is the line drawn between freedom of speech and unprotected hate speech?,Where
In what specific folder on the shared drive are the high-resolution logo files located?,Where
Where did the architectural style known as Brutalism originally originate?,Where
Where is the safest place to take shelter during an active tornado warning?,Where
Where on the body is the ulnar nerve located?,Where
Where are the headquarters of the International Criminal Court situated?,Where
Where exactly does the jurisdiction of the local police end and state police begin?,Where
In which specific hemisphere are the constellation of the Southern Cross visible?,Where
Where did the tradition of the Olympic torch relay originate?,Where
Where is the deepest known point in the Earth's oceans located?,Where
Where do the monarch butterflies migrate to during the harsh winter months?,Where
Where exactly on the engine block is the vehicle identification number stamped?,Where
Where are the most significant deposits of rare earth metals found globally?,Where
Where did the philosophical movement known as existentialism first gain prominence?,Where
Where is the optimal location to place a Wi-Fi router for maximum home coverage?,Where
Where on the political spectrum does this specific policy proposal fall?,Where
In which specific country is the ancient archaeological site of Machu Picchu located?,Where
Where did the infamous hacker group Anonymous first organize their activities?,Where
Where is the precise boundary between the Earth's atmosphere and outer space?,Where
Where do the local ordinances permit the operation of food trucks?,Where
Where exactly is the thyroid gland located within the human body?,Where
Where are the world's most active stratovolcanoes concentrated?,Where
Where did the culinary technique of sous-vide cooking first develop?,Where
Where is the safest place to store highly sensitive physical documents?,Where
Where on the spectrum of electromagnetic radiation does visible light fall?,Where
Where are the servers hosting this massive cloud computing infrastructure physically located?,Where
In which specific museum is the original painting of The Starry Night housed?,Where
Where did the massive asteroid that wiped out the dinosaurs actually impact the Earth?,Where
Where is the true geographical center of the contiguous United States?,Where
Where do the most complex calculations take place within a quantum computer?,Where
Where exactly is the fault line responsible for the San Andreas earthquakes?,Where
Where are the primary manufacturing facilities for this specific brand of microchips?,Where
Where did the artistic movement known as surrealism primarily take root?,Where
Where is the most remote human settlement on the planet located?,Where
Where on the human genome is the gene responsible for blue eyes located?,Where
Where are the international waters legally defined as beginning?,Where
In which specific ocean trench is the Challenger Deep located?,Where
Where did the deadly outbreak of the Ebola virus originate?,Where
Where is the most heavily fortified border in the world today?,Where
Where do the majority of the world's uncontacted indigenous tribes live?,Where
Where exactly is the blind spot located in the human eye?,Where
Where are the largest known reserves of fresh water on Earth?,Where
Where did the musical genre of jazz primarily evolve?,Where
Where is the most strategically important naval choke point in the Middle East?,Where
Where on the geological timeline does the Cambrian explosion occur?,Where
Where are the physical gold reserves of the United States government stored?,Where
In which specific city did the assassination of Archduke Franz Ferdinand occur?,Where
Where did the practice of acupuncture first originate?,Where
Where is the largest particle physics laboratory in the world located?,Where
Where do the trade winds typically converge near the equator?,Where
Where exactly is the meniscus located in the human knee?,Where
Where are the most extensive coral reef systems found outside of Australia?,Where
Where did the literary movement known as the Beat Generation flourish?,Where
Where is the highest elevated capital city in the world?,Where
Where on the phylogenetic tree do humans diverge from chimpanzees?,Where
Where are the primary data centers for the global financial trading networks?,Where
In which specific state is the Yellowstone supervolcano located?,Where
Where did the first successful test of an atomic weapon take place?,Where
Where is the most densely populated city in the world currently?,Where
Where do the heavy elements like gold and platinum originate in the universe?,Where
Where exactly is the amygdala located within the brain structure?,Where
Where are the most significant archaeological discoveries of Neanderthal remains?,Where
Where did the architectural design of the modern skyscraper first emerge?,Where
Where is the driest non-polar desert in the world located?,Where
Where on the tectonic plates do the majority of earthquakes occur?,Where
Where are the central banks of the Eurozone physically headquartered?,Where
In which specific country did the Arab Spring uprisings begin?,Where
Where did the martial art of Jiu-Jitsu originally develop before reaching Brazil?,Where
Where is the largest radio telescope in the world currently operational?,Where
Where do the migratory routes of the Arctic tern take them?,Where
Where exactly is the sciatic nerve located in the lower body?,Where
Where are the most extensive underground cave systems known to exist?,Where
Where did the philosophical school of Stoicism originate?,Where
Where is the lowest point on dry land on the Earth's surface?,Where
Where on the electromagnetic spectrum do X-rays sit relative to ultraviolet light?,Where
Where are the primary launch facilities for the European Space Agency?,Where
In which specific region of France is authentic Champagne produced?,Where
Where did the devastating tsunami of 2004 originate?,Where
Where is the largest single continuous rainforest in the world?,Where
Where do the specialized cells that produce insulin reside in the body?,Where
Where exactly is the Mariana Trench located in relation to Japan?,Where
Where are the most significant lithium deposits critical for battery production?,Where
Where did the artistic style of Cubism first gain significant traction?,Where
Where is the highest navigable lake in the world located?,Where
Where on the molecular level does DNA transcription actually occur?,Where
Where are the strict physical boundaries of the demilitarized zone in Korea?,Where
In which specific city was the first modern stock exchange established?,Where
Where did the devastating potato famine of the 1840s primarily strike?,Where
Where is the largest artificial reservoir by volume in the world?,Where
Where do the fundamental forces of physics break down entirely?,Where
Where exactly is the hypothalamus located in relation to the pituitary gland?,Where
Where are the most extensive mangrove forests found on the planet?,Where
For what possible reason would a seemingly healthy company declare bankruptcy out of nowhere?,Why
"Why, despite the overwhelming scientific evidence, is there still resistance to climate change mitigation?",Why
Why exactly does a high-interest rate environment tend to cool down an overheating housing market?,Why
"Under the surface, why do so many large-scale IT implementation projects fail to meet their deadlines?",Why
"Why is it that water expands when it freezes, unlike almost every other liquid on Earth?",Why
Why did the Federal Reserve decide to drastically cut interest rates during that specific quarter?,Why
Why are autoimmune diseases disproportionately more common in women than in men?,Why
"Why, purely from a psychological standpoint, do humans experience the sensation of deja vu?",Why
Why is the concept of a perpetual motion machine considered completely impossible in physics?,Why
"Why did the Roman Empire, despite its massive military power, eventually succumb to collapse?",Why
Why exactly does mixing bleach and ammonia create such a highly toxic and dangerous gas?,Why
Why are prime numbers so critically important to modern cryptographic algorithms?,Why
Why do certain species of birds engage in such elaborate and complex mating dances?,Why
Why is the sky on Mars red during the day but blue during the sunset?,Why
Why did the original Articles of Confederation fail as a governing document for the United States?,Why
Why exactly does a localized infection sometimes trigger a systemic fever in the human body?,Why
Why are the gas giant planets located so much further from the sun than the rocky terrestrial planets?,Why
Why did the dot-com bubble of the late 1990s inflate so rapidly before ultimately bursting?,Why
Why is the speed of light considered the absolute universal speed limit in Einstein's theory of relativity?,Why
Why do economic recessions often lead to an inverted yield curve in the bond market?,Why
Why exactly does the human immune system sometimes mistakenly attack harmless allergens?,Why
Why are there precisely 24 time zones established across the surface of the globe?,Why
Why did the widespread use of asbestos in construction continue for so long despite the health risks?,Why
Why is the phenomenon of quantum entanglement so difficult to reconcile with classical physics?,Why
Why do sociologists believe that urbanization leads to a decrease in the overall birth rate?,Why
Why exactly does a rapidly spinning gyroscope resist tipping over due to gravity?,Why
Why are the tectonic plates constantly moving and shifting across the Earth's surface?,Why
Why did the League of Nations fail to prevent the outbreak of the Second World War?,Why
Why is the concept of 'entropy' often described as the arrow of time in thermodynamics?,Why
Why do specific genetic mutations become more prevalent within isolated populations?,Why
Why exactly does a central bank implement quantitative easing during a severe economic downturn?,Why
Why are deep-sea creatures able to survive the immense crushing pressure of the ocean floor?,Why
Why did the transition from hunter-gatherer societies to agriculture fundamentally change human health?,Why
Why is the placebo effect such a powerful and poorly understood phenomenon in medical trials?,Why
Why do certain heavy metals bioaccumulate so readily within the upper tiers of the food chain?,Why
Why exactly does the rotation of the Earth cause the Coriolis effect on global weather patterns?,Why
Why are some viruses able to rapidly mutate and evade vaccines while others remain stable?,Why
Why did the gold standard ultimately prove to be an inflexible and flawed monetary system?,Why
Why is the expansion of the universe currently accelerating rather than slowing down?,Why
Why do humans possess a vermiform appendix if it seemingly serves no critical digestive function?,Why
Why exactly does a high concentration of salt lower the freezing point of water on icy roads?,Why
Why are the noble gases fundamentally unreactive under normal chemical conditions?,Why
Why did the architectural style of Gothic cathedrals require the use of flying buttresses?,Why
Why is the principle of supply and demand considered the most fundamental concept in economics?,Why
Why do certain individuals develop a tolerance to medications requiring increasingly higher doses?,Why
Why exactly does the moon always show the exact same face to the Earth?,Why
Why are tropical rainforests considered the 'lungs' of the Earth despite producing minimal net oxygen?,Why
Why did the strategy of appeasement fail to stop the territorial expansion of Nazi Germany?,Why
Why is the Turing test no longer considered the definitive benchmark for true artificial intelligence?,Why
Why do social media algorithms tend to amplify polarizing and emotionally charged content?,Why
Why exactly does a sonic boom occur when an aircraft breaks the sound barrier?,Why
Why are the Earth's magnetic poles currently wandering at an accelerating rate?,Why
Why did the introduction of the printing press so rapidly destabilize the political power of the church?,Why
Why is the concept of a 'black hole' an inevitable mathematical conclusion of general relativity?,Why
Why do certain chemical reactions require a catalyst to proceed at a measurable rate?,Why
Why exactly does chronic stress lead to a suppressed and weakened immune system?,Why
Why are the vast majority of meteorites found on Earth originating from the asteroid belt?,Why
Why did the Soviet Union ultimately collapse economically and politically in 1991?,Why
Why is the concept of 'herd immunity' critical for eradicating infectious diseases?,Why
Why do humans instinctively experience the uncanny valley effect when viewing highly realistic androids?,Why
Why exactly does an airfoil shape generate lift when air flows over its surface?,Why
Why are the symptoms of a heart attack often vastly different between men and women?,Why
Why did the ancient Maya civilization experience such a sudden and widespread societal collapse?,Why
Why is the mathematical constant 'Pi' an irrational number with an infinite decimal expansion?,Why
Why do financial markets experience sudden flash crashes despite the presence of circuit breakers?,Why
Why exactly does a prism separate white light into a visible spectrum of distinct colors?,Why
Why are invasive species able to completely decimate local ecosystems so rapidly?,Why
Why did the industrial revolution begin specifically in Great Britain rather than elsewhere?,Why
Why is the concept of 'dark matter' necessary to explain the rotational speeds of galaxies?,Why
Why do certain musical chords sound universally pleasing or dissonant to the human ear?,Why
Why exactly does a central nervous system depressant like alcohol initially cause feelings of euphoria?,Why
Why are the polar regions experiencing the effects of global warming at a much faster rate?,Why
Why did the widespread adoption of the internal combustion engine spell the end of early electric cars?,Why
Why is the principle of 'habeas corpus' considered a fundamental pillar of a fair legal system?,Why
Why do sleep cycles alternate between deep non-REM sleep and active REM sleep throughout the night?,Why
Why exactly does an electromagnetic field induce an electric current within a moving wire coil?,Why
Why are coral reefs highly susceptible to even minor fluctuations in ocean temperature and acidity?,Why
Why did the philosophical era of the Enlightenment place such a heavy emphasis on reason and logic?,Why
Why is the concept of 'opportunity cost' essential for making rational economic decisions?,Why
Why do certain autoimmune conditions experience periods of sudden flare-ups followed by remission?,Why
Why exactly does the radioactive decay of certain isotopes occur at a strictly predictable half-life?,Why
Why are the deepest parts of the ocean completely devoid of photosynthetic plant life?,Why
Why did the strategy of trench warfare result in such massive and prolonged stalemates during WWI?,Why
Why is the mathematical concept of 'zero' considered a relatively recent and revolutionary invention?,Why
Why do large language models sometimes confidently generate entirely false information or 'hallucinations'?,Why
Why exactly does a hypertonic solution cause human red blood cells to shrivel and collapse?,Why
Why are the Earth's oceans subject to two distinct high tides and two low tides every single day?,Why
Why did the introduction of invasive cane toads in Australia turn into such a monumental ecological disaster?,Why
Why is the concept of 'falsifiability' the cornerstone of the modern scientific method?,Why
Why do humans possess a psychological bias to favor information that confirms their pre-existing beliefs?,Why
Why exactly does a sudden drop in atmospheric pressure typically indicate an approaching storm system?,Why
Why are the vast majority of active volcanoes located along the edges of tectonic plate boundaries?,Why
Why did the economic philosophy of mercantilism dominate European trade policies for centuries?,Why
Why is the concept of 'Schrödinger's cat' used to illustrate the absurdities of quantum superposition?,Why
Why do certain behavioral traits like altruism evolve from a strictly Darwinian perspective?,Why
Why exactly does the human body convert excess carbohydrates into stored fat for future energy?,Why
Why are the inner planets of our solar system rocky while the outer planets are massive gas giants?,Why
Why did the artistic movement of impressionism completely reject the rigid rules of academic painting?,Why
Why is the concept of a 'universal basic income' gaining traction in discussions about AI automation?,Why
"Why do some individuals experience synesthesia, where sensory inputs are fundamentally cross-wired?",Why
"How, in a highly secure and encrypted network, does a man-in-the-middle attack actually succeed?",How
By what exact physiological mechanism does a snake's venom paralyze the nervous system of its prey?,How
How on earth did they manage to precisely align the massive stones of the Great Pyramid without modern tools?,How
How exactly does a continuously variable transmission differ from a standard automatic gearbox?,How
How much of the world's total oxygen supply is actually generated by marine phytoplankton?,How
How did the researchers manage to isolate the specific gene responsible for the hereditary disease?,How
"How does a massive cruise ship, constructed entirely of heavy steel, manage to stay perfectly buoyant?",How
"How, given the sheer volume of data, do modern search engines index the entire internet so rapidly?",How
How exactly does a noise-canceling headphone actively suppress external low-frequency background sound?,How
How much energy is theoretically required to accelerate a spacecraft to a fraction of the speed of light?,How
How did the ancient Polynesians successfully navigate across the vast Pacific Ocean using only the stars?,How
How does an mRNA vaccine instruct the human body's cells to produce a specific viral protein?,How
"How, in the event of a catastrophic core meltdown, do the secondary containment structures of a nuclear reactor function?",How
How exactly does a blockchain network reach a decentralized consensus without a central authority?,How
How much water is lost to evaporation from a typical massive agricultural irrigation system?,How
How did the deciphering of the Enigma code shorten the duration of the Second World War?,How
How does a completely blind bat use high-frequency echolocation to precisely track a flying insect?,How
"How, according to the theory of general relativity, does a massive object warp the fabric of spacetime?",How
How exactly does a lithium-ion battery chemically store and release electrical energy over thousands of cycles?,How
How much does the gravitational pull of the moon fluctuate depending on its elliptical orbit?,How
How did the widespread use of the standardized shipping container revolutionize the global supply chain?,How
How does the human eye continuously adjust its focal length to instantly switch between near and far objects?,How
"How, mathematically speaking, does a neural network backpropagate errors to adjust its internal weights?",How
How exactly does a seemingly harmless algorithmic bias lead to systemic discrimination in lending software?,How
How much sheer kinetic energy is released upon the impact of an average-sized near-Earth asteroid?,How
How did the introduction of the assembly line drastically reduce the production time of the Model T Ford?,How
How does the delicate process of CRISPR-Cas9 precisely edit a specific sequence of DNA?,How
"How, practically speaking, do you effectively hedge a massive investment portfolio against hyperinflation?",How
How exactly does an earthquake off the coast of Japan trigger a devastating tsunami across the Pacific?,How
How much of a genetic difference actually exists between a modern human and a Neanderthal?,How
How did the Byzantine Empire manage to survive for a thousand years after the fall of Rome?,How
How does the complex interplay of neurotransmitters in the brain regulate human mood and emotion?,How
"How, in a seemingly chaotic quantum state, do particles manage to become instantaneously entangled?",How
How exactly does a modern jet engine compress and ignite air to produce such immense thrust?,How
How much raw processing power is required to successfully mine a single block of Bitcoin today?,How
How did the devastating effects of the Black Death fundamentally alter the feudal economic system?,How
How does a completely decentralized autonomous organization (DAO) execute legally binding contracts?,How
"How, given the intense pressure and heat, do diamonds naturally form deep within the Earth's mantle?",How
How exactly does an individual develop an intense psychological phobia to an otherwise harmless object?,How
How much highly enriched uranium is strictly necessary to reach critical mass for a nuclear weapon?,How
How did the philosophical concepts of the Enlightenment heavily influence the drafting of the US Constitution?,How
"How does the intricate system of ocean currents, like the Gulf Stream, regulate the global climate?",How
"How, from a purely evolutionary standpoint, did complex organs like the human eye develop over time?",How
How exactly does a modern smartphone screen register the highly precise location of multiple touch inputs simultaneously?,How
How much does the average global temperature need to rise to trigger a catastrophic feedback loop?,How
How did the rapid expansion of the Mongol Empire facilitate unprecedented trade along the Silk Road?,How
How does a complex organic compound break down into simpler molecules during the process of cellular respiration?,How
"How, mathematically, do you calculate the exact trajectory required for a spacecraft to enter a stable orbit?",How
How exactly does a systemic bacterial infection suddenly escalate into a life-threatening case of sepsis?,How
How much of the observable universe is theoretically composed of entirely undetectable dark matter?,How
How did the widespread adoption of the printing press directly contribute to the Protestant Reformation?,How
How does an advanced artificial intelligence system differentiate between a legitimate user and a sophisticated bot?,How
"How, practically, does a central bank effectively utilize open market operations to control the money supply?",How
How exactly does a massive star collapse in on itself to ultimately form an infinitely dense black hole?,How
How much actual physical gold is required to theoretically back a modern fiat currency system?,How
How did the intricate system of aqueducts supply fresh running water to the massive population of ancient Rome?,How
How does a specific combination of atmospheric conditions perfectly align to spawn a destructive F5 tornado?,How
"How, on a molecular level, does an enzyme act as a catalyst to drastically speed up a chemical reaction?",How
How exactly does a highly sophisticated spear-phishing campaign bypass a company's enterprise security protocols?,How
How much sheer mechanical force is required to permanently deform a solid beam of structural steel?,How
How did the devastating economic impacts of the Treaty of Versailles pave the way for the rise of fascism?,How
"How does a complex, multi-cellular organism flawlessly develop from a single, fertilized microscopic egg?",How
"How, specifically, does a seemingly simple mathematical fractal generate an infinitely complex geometric pattern?",How
How exactly does a catalytic converter neutralize the highly toxic exhaust gases produced by a combustion engine?,How
How much of an impact does a severe El Niño weather pattern have on global agricultural yields?,How
How did the rapid development of the telegraph fundamentally change the speed of international diplomacy?,How
How does a highly localized genetic mutation eventually spread to become a dominant trait in an entire population?,How
"How, legally speaking, does a complex corporate merger manage to completely avoid violating antitrust laws?",How
How exactly does an MRI machine utilize powerful magnetic fields to generate highly detailed images of soft tissue?,How
How much of the human genome is actually composed of seemingly useless 'junk' DNA from ancient viruses?,How
How did the intricate political alliances of early 20th century Europe inevitably drag the continent into WWI?,How
How does a seemingly random stock market algorithm consistently predict microscopic fluctuations in trading volume?,How
"How, physically, does a supersonic aircraft manage the immense thermal friction generated at Mach 3?",How
How exactly does a human body successfully acclimate to the dangerously low oxygen levels found at high altitudes?,How
How much specific kinetic data is actually captured by the black box of a commercial airliner during a crash?,How
How did the historical reliance on the gold standard severely limit a government's ability to respond to financial crises?,How
How does a complex ecosystem perfectly balance the delicate relationship between an apex predator and its prey?,How
"How, on a purely chemical basis, does a common pain reliever successfully inhibit the brain's reception of pain signals?",How
How exactly does a massive array of solar panels efficiently convert diffuse sunlight into usable alternating current?,How
How much of the Earth's total fresh water supply is permanently locked away within the Antarctic ice sheet?,How
How did the strategic use of propaganda profoundly shape public opinion on both sides of the Cold War?,How
How does a sophisticated zero-day exploit manage to remain completely undetected by the world's top cybersecurity firms?,How
"How, biologically, does a hibernating mammal manage to survive for months with drastically reduced metabolic functions?",How
How exactly does a complex piece of software successfully compile high-level human code into raw machine language?,How
How much of a tangible psychological effect does a well-designed placebo actually have in a double-blind clinical trial?,How
How did the rapid urbanization of the Industrial Revolution fundamentally alter the structure of the traditional family?,How
How does a highly precise GPS receiver triangulate its exact position on Earth using the signals from multiple satellites?,How
"How, geologically speaking, does the slow, immense pressure of tectonic subduction result in explosive volcanic eruptions?",How
How exactly does a sophisticated deepfake algorithm realistically map a completely different face onto an existing video?,How
How much of the global internet traffic is currently routed through massive undersea fiber-optic cables?,How
How did the historical spread of the bubonic plague drastically accelerate the decline of the feudal system in Europe?,How
How does a specific sequence of musical notes perfectly trigger a deeply emotional response within the human brain?,How
"How, in terms of sheer logistics, does a massive multinational corporation successfully coordinate a global product launch?",How
How exactly does a modern hydrogen fuel cell efficiently generate clean electricity with only water as a byproduct?,How
How much of an actual economic impact does the sudden fluctuation of global crude oil prices have on local inflation rates?,How
How did the strategic construction of the Great Wall of China successfully deter rapid cavalry invasions from the north?,How
How does a seemingly simple geometric shape like a hexagon provide such structural integrity to a bee's honeycomb?,How
"How, legally and ethically, do medical researchers navigate the complex process of obtaining informed consent for experimental trials?",How
How exactly does a massive particle accelerator smash microscopic protons together to reveal the fundamental building blocks of the universe?,How
How much of an individual's distinct personality is determined by genetics versus the influence of their childhood environment?,How
I need you to explain exactly what went wrong here.,What
Can you give me a brief summary of the book's plot?,What
Please define the term machine learning for me.,What
I'd love to know what the chef's special is tonight.,What
Do you have any idea what the Wi-Fi password is?,What
List the primary ingredients needed to bake a chocolate cake.,What
Tell me the exact error code you are seeing on your screen.,What
I was wondering what time zone you are currently in.,What
Give me a quick rundown of what was discussed in the meeting.,What
State your full name and occupation for the record.,What
Do you know the name of the guy who sits at the front desk?,Who
I need to find out whose car is parked in my reserved spot.,Who
Tell me the author of the Harry Potter series.,Who
Identify the lead architect on the new downtown project.,Who
Can you point out which of these candidates is the most qualified?,Who
I'm trying to remember the actor that played Batman in the 90s.,Who
Please state the name of your emergency contact.,Who
I want to know exactly who approved this ridiculous budget.,Who
Name the first President of the United States.,Who
Could you tell me who is in charge of the human resources department?,Who
I completely forgot the date of our anniversary.,When
Tell me the exact moment you realized the keys were missing.,When
Do you happen to know what time the grocery store closes tonight?,When
I need an estimated time of arrival for the package delivery.,When
Please provide the deadline for submitting the final essay.,When
Can you remind me of the year the Berlin Wall fell?,When
At what point in the movie does the plot twist happen?,When
I'm curious about the specific timeframe for this project's completion.,When
Give me the schedule for tomorrow's conference.,When
I was hoping you could tell me how long ago the dinosaurs lived.,When
I'm totally lost and need to know the location of the nearest gas station.,Where
"Point me in the direction of the closest restroom, please.",Where
Can you show me on the map exactly the spot we are standing?,Where
Tell me the address of the new restaurant that just opened.,Where
I need to figure out the exact coordinates of the shipwreck.,Where
Do you know the place where we parked the rental car?,Where
Please indicate the region where this specific species of bird is found.,Where
I'm trying to find out the physical location of your company's headquarters.,Where
Show me the exact folder on the computer that contains the financial reports.,Where
Identify the city in Pakistan known as the twin city to Islamabad.,Where
Explain to me the reasoning behind your sudden resignation.,Why
How come my phone battery is draining so incredibly fast today?,Why
I just don't understand the purpose of this incredibly complex new rule.,Why
Can you justify the sudden increase in the monthly subscription fee?,Why
Tell me the root cause of the widespread network outage.,Why
I need a good explanation for the delay in the shipping process.,Why
What is the underlying motive for the villain's actions in the story?,Why
Please detail the rationale behind choosing this specific software vendor.,Why
I'm curious about the scientific explanation for the Northern Lights.,Why
Give me one good reason to invest in this volatile cryptocurrency.,Why
Walk me through the exact steps to reset my router.,How
I need a tutorial on the process of changing a car tire.,How
Can you demonstrate the proper technique for deadlifting?,How
Please instruct me on the best way to cook a medium-rare steak.,How
I'm trying to figure out the method you used to solve that math equation.,How
Explain the mechanics behind a standard internal combustion engine.,How
Show me the procedure for filing a formal complaint.,How
Tell me the secret to baking incredibly soft chocolate chip cookies.,How
I'd love to learn the strategy you used to beat that video game level.,How
Could you break down the process of applying for a travel visa?,How
question,label
What's the capital of France?,What
What's the chemical symbol for gold?,What
What’s the fastest way to learn Python?,What
Tell me what exactly is dark matter.,What
I'm not sure what the answer is, can you clarify?,What
What the heck is going on here?,What
So, what are we supposed to do now?,What
What in the world does that even mean?,What
What's the catch with this deal?,What
What's the difference between a virus and a bacterium?,What
What's the point of this exercise?,What
What on earth made you think that?,What
What is it that you really want?,What
What the papers said about the incident was shocking.,What
I'd like to know what your thoughts are.,What
Define what is meant by a black swan event.,What
What do you call a group of flamingos?,What
What's the name of that song that goes “la la la”?,What
What the heck is a blockchain anyway?,What
What's the worst that could happen?,What
What exactly are you implying?,What
Tell me what your main concern is.,What
What's the secret ingredient in this sauce?,What
What kind of mileage does your car get?,What
What ever happened to that missing plane?,What
What's the buzz about AI taking over jobs?,What
What factors contributed to the fall of the Roman Empire?,What
What's your take on the new policy?,What
What in the world are you talking about?,What
Describe what the user interface looks like.,What
Who's the current president of France?,Who
Who's in charge of this project?,Who
I wonder who left the door open.,Who
Who on earth would believe that?,Who
Who's that girl standing next to the fountain?,Who
Guess who I ran into yesterday.,Who
Who's the brains behind this operation?,Who
Who’s going to pay for the damages?,Who
The question is, who really benefits from this?,Who
Who the heck does he think he is?,Who
Who's there? (knock knock),Who
Tell me who you think will win the election.,Who
Who's responsible for the data breach?,Who
Who's got the key to the storage room?,Who
Who’s your favorite superhero and why?,Who
So, who exactly signed off on this budget?,Who
Who’s the person I need to talk to about refunds?,Who
Who in the world would do such a thing?,Who
Who's the most famous person you've ever met?,Who
Name who came up with this terrible idea.,Who
Who’s that masked man?,Who
Who do you think you are?,Who
Guess who's coming to dinner.,Who
Who's the main character in that film?,Who
Who's your daddy?,Who
When's the meeting scheduled for?,When
When's the last time you updated the software?,When
When in the world will this pandemic end?,When
By when should we submit the final draft?,When
When exactly did you notice the money was missing?,When
When's the bus arriving?,When
Tell me when the store opens.,When
When on earth did that happen?,When
When's the big day?,When
I need to know when the concert starts.,When
When's the earliest we can meet?,When
So, when are we leaving for the airport?,When
At what point did you realize it was a scam?,When
When does the warranty expire?,When
When's the next full moon?,When
Give me a timeline on when we can expect results.,When
The question is, when will peace be restored?,When
When's the deadline for tax filing this year?,When
When's the baby due?,When
I forgot when the event kicks off.,When
When’s the last train arriving tonight?,When
When on earth did they announce that?,When
When's the best time to plant tomatoes?,When
When’s your birthday again?,When
When's the earliest flight to Chicago?,When
Where’s the nearest gas station?,Where
Where's the fun in that?,Where
Where on earth did I leave my keys?,Where
Tell me where you hid the documents.,Where
Where’s the party at tonight?,Where
Where's the beef?,Where
I wonder where they went.,Where
Point me to where the error occurred.,Where
Where's the best place to get pizza around here?,Where
Where’s the remote control?,Where
Where in the code is the bug?,Where
Where's the evidence for that claim?,Where
Where's the nearest emergency exit?,Where
Show me where to sign.,Where
I'm curious where they source their ingredients.,Where
Where's the logic in that argument?,Where
Where's the headquarters of the FBI?,Where
Where'd you put my glasses?,Where
Where's the love?,Where
Where exactly does the river meet the sea?,Where
Where's the safest place during an earthquake?,Where
Where's the most reliable Wi-Fi signal in this building?,Where
Where's the line between right and wrong?,Where
Where’s your head at?,Where
Where the heck is Timbuktu?,Where
Where's the most beautiful sunset you've seen?,Where
Why's the sky blue?,Why
Why's it so cold in here?,Why
Why on earth would you say that?,Why
I wonder why nobody showed up.,Why
Why’s the internet so slow today?,Why
Explain why the experiment failed.,Why
Why’s that?,Why
Give me one good reason why I should stay.,Why
Why's there a huge dent in my car?,Why
Why’s the dog barking at nothing?,Why
I don't get why this keeps happening.,Why
Why is this so complicated?,Why
Why’s it taking so long to load?,Why
Tell me why you're upset.,Why
Why’s there a charge on my account I didn't make?,Why
Why's the printer always jammed when I need it?,Why
Why's the Wi-Fi password so complicated?,Why
Why’s it so hard to find a good job?,Why
Why's the Mona Lisa so famous?,Why
Why’s there a hole in the ozone layer?,Why
Why on earth is this seat so uncomfortable?,Why
Why's the moon following us?,Why
Why's it that fast food tastes so good but is so bad for you?,Why
Why's the stock market crashing?,Why
Why's the grass always greener on the other side?,Why
Why's my battery draining so fast?,Why
Why’s it so noisy next door?,Why
How's the weather over there?,How
How's it going?,How
How in the world did you do that?,How
Tell me how to fix a broken zipper.,How
How's that even possible?,How
How's your day been so far?,How
How'd you get the lid off this jar?,How
How's the project coming along?,How
Tell me how you managed to escape.,How
How’s the new job treating you?,How
How on earth am I supposed to finish this in time?,How
How's the soup taste?,How
How's that for a solution?,How
How'd you learn to play the piano so well?,How
Explain how the engine works.,How
How's the traffic at this hour?,How
How’s the baby sleeping these days?,How
How'd you get that scar?,How
How's the cake baking?,How
Show me how to tie a tie.,How
How's the situation developing?,How
How'd they get my phone number?,How
How's the view from up there?,How
How's your headache now?,How
How'd the interview go?,How
How's it feel to finally graduate?,How
How's the water temperature?,How
What's the occasion?,What
What's the holdup?,What
What's the matter?,What
What's that supposed to mean?,What
What's your problem?,What
Who's making that noise?,Who
Who's side are you on?,Who
Who's in control here?,Who
Where's my phone?,Where
Where's your sense of adventure?,Where
When's lunch served?,When
When's the first snow expected?,When
Why's this software so buggy?,Why
Why's the deadline been moved up?,Why
How's your new laptop performing?,How
How's the coffee machine working?,How
What's my name?,What
What's your name?,What
What's his name?,What
What's her name?,What
What's the password?,What
What's the Wi‑Fi password?,What
What's the weather like?,What
What's for dinner?,What
What's the time?,What
What's the date today?,What
What's the problem?,What
What's the catch?,What
What's the plan?,What
What's the score?,What
What's the price?,What
What's the difference?,What
What's the point?,What
What's the worst that could happen?,What
What's the first thing you'd do?,What
What's the reason for that?,What
What's the best way to learn?,What
What's the secret?,What
What's the idea?,What
What's the alternative?,What
What's the code for the door?,What
What's the next step?,What
What's my IP address?,What
What's the capital of Nepal?,What
What's the square root of 100?,What
What's the fastest animal?,What
What's the tallest building?,What
What's the weather forecast?,What
What's the name of that song?,What
What's the best laptop under $500?,What
What's the nearest hospital?,What
What's the number for the police?,What
What's the opening time?,What
What's the deadline?,What
What's the email address?,What
What's the tracking number?,What
What's the pin code?,What
What's our budget?,What
What's the policy on refunds?,What
What's the dress code?,What
What's the age limit?,What
What's the harm in trying?,What
What's the worst case scenario?,What
What's the point of life?,What
What's the most important lesson?,What
What's the meaning of that word?,What
What's the temperature right now?,What
Who's there?,Who
Who's calling?,Who
Who's the boss?,Who
Who's in charge?,Who
Who's on first?,Who
Who's the best player?,Who
Who's going to win?,Who
Who's that guy?,Who
Who's the man?,Who
Who's your daddy?,Who
Who's your favorite actor?,Who
Who's your role model?,Who
Who's gonna pay for this?,Who
Who's the author?,Who
Who's the murderer?,Who
Who's the next speaker?,Who
Who's the coolest person you know?,Who
Who's the real hero?,Who
Who's the one that got away?,Who
Who's the most powerful person?,Who
Who's the guy in the sunglasses?,Who
Who's the CEO of Google?,Who
Who's the captain of the team?,Who
Who's driving?,Who
Who's coming with me?,Who
Who's your best friend?,Who
Who's responsible for the mess?,Who
Who's that Pokemon?,Who
Who's the spy?,Who
Who's the mole?,Who
Who's the most wanted man?,Who
When's the party?,When
When's the deadline?,When
When's the wedding?,When
When's lunch?,When
When's the game?,When
When's the movie start?,When
When's the bus coming?,When
When's the next train?,When
When's the best time to go?,When
When's the sale end?,When
When's payday?,When
When's your birthday?,When
When's the exam?,When
When's the concert?,When
When's the flight?,When
When's the eclipse?,When
When's the next holiday?,When
When's the store close?,When
When's the doctor's appointment?,When
When's the first day of spring?,When
When's the last day to file taxes?,When
When's the meeting?,When
When's the package arriving?,When
When's the best time to visit Japan?,When
When's the full moon?,When
When's the first snowfall?,When
Where's the bathroom?,Where
Where's my phone?,Where
Where's the nearest ATM?,Where
Where's the car parked?,Where
Where's the party?,Where
Where's the fun in that?,Where
Where's the love?,Where
Where's the beef?,Where
Where's Waldo?,Where
Where's the fire?,Where
Where's the exit?,Where
Where's the nearest hospital?,Where
Where's the remote?,Where
Where's the key?,Where
Where's the nearest bus stop?,Where
Where's the closest coffee shop?,Where
Where's my order?,Where
Where's the nearest petrol pump?,Where
Where's the meeting taking place?,Where
Where's the conference room?,Where
Where's the pain?,Where
Where's the source of the leak?,Where
Where's the evidence?,Where
Where's the missing file?,Where
Where's the cheapest gas?,Where
Where's the best pizza?,Where
Where's your accent from?,Where
Why's it so cold?,Why
Why's he crying?,Why
Why's she mad?,Why
Why's it taking so long?,Why
Why's the sky blue?,Why
Why's the ocean salty?,Why
Why's the music so loud?,Why
Why's the light on?,Why
Why's the door open?,Why
Why's my phone dying so fast?,Why
Why's the Wi‑Fi not working?,Why
Why's the printer jammed?,Why
Why's the traffic so bad?,Why
Why's the bread so expensive?,Why
Why's the boss in a bad mood?,Why
Why's the project behind?,Why
Why's the meeting cancelled?,Why
Why's the baby crying?,Why
Why's the dog barking?,Why
Why's the cat staring at me?,Why
Why's the earth round?,Why
Why's water wet?,Why
Why's it so hard to concentrate?,Why
Why's happiness so elusive?,Why
How's it going?,How
How's your day?,How
How's the weather?,How
How's the new job?,How
How's the family?,How
How's your health?,How
How's the food?,How
How's the coffee?,How
How's the traffic?,How
How's the view?,How
How's the team doing?,How
How's the project coming along?,How
How's your headache?,How
How's the market today?,How
How's the steak cooked?,How
How's the engine running?,How
How's the water pressure?,How
How's the baby sleeping?,How
How's the internet speed?,How
How's the car driving?,How
How's the new laptop?,How
How's the world treating you?,How
How's my hair look?,How
How's your presentation going?,How